strategy_entropy,avg_branching_factor,planning_anchor_intensity,uncertainty_anchor_intensity,unique_paths,question_id
3.322,4.231,0.0192,0.0778,10,0
3.322,4.2,0.0,0.2167,10,1
3.322,3.4,0.0507,0.1449,10,2
3.322,3.6,0.2439,0.1159,10,3
3.322,5.1,0.0401,0.1068,10,4
3.322,4.167,0.0658,0.1857,10,5
3.322,4.1,0.0613,0.1415,10,6
3.322,4.7,0.0403,0.2172,10,7
3.322,4.294,0.0579,0.1653,10,8
3.322,3.545,0.0252,0.5574,10,9
3.322,4.727,0.106,0.1662,10,10
3.322,3.357,0.0933,0.1631,10,11
3.322,3.889,0.0568,0.1975,10,12
3.322,3.667,0.108,0.2655,10,13
3.322,3.75,0.0732,0.2563,10,14
3.322,3.231,0.0316,0.1401,10,15
3.322,3.455,0.0107,0.3104,10,16
3.322,3.0,0.0433,0.2908,10,17
3.322,3.5,0.0326,0.0129,10,18
3.322,3.765,0.1086,0.1139,10,19
3.322,4.438,0.0537,0.1619,10,20
3.322,4.25,0.0975,0.1856,10,21
3.322,3.417,0.1313,0.2071,10,22
3.322,3.273,0.1296,0.1917,10,23
3.322,3.278,0.055,0.1874,10,24
3.322,2.958,0.0633,0.275,10,25
3.322,3.0,0.0476,0.2507,10,26
3.322,3.231,0.0902,0.0536,10,27
3.322,2.571,0.0179,0.2098,10,28
3.322,3.474,0.0716,0.1846,10,29
3.322,3.4,0.0269,0.1069,10,30
3.322,4.333,0.0288,0.1311,10,31
3.322,2.643,0.1063,0.2037,10,32
3.322,3.882,0.0382,0.1144,10,33
3.322,3.0,0.0707,0.072,10,34
3.322,3.375,0.081,0.0931,10,35
3.322,3.214,0.1079,0.0378,10,36
3.322,3.611,0.0794,0.1005,10,37
3.322,3.222,0.0311,0.2152,10,38
3.322,4.05,0.0314,0.121,10,39
3.322,3.556,0.2024,0.0737,10,40
3.322,3.444,0.0722,0.3306,10,41
3.322,4.222,0.109,0.0739,10,42
3.322,4.714,0.0917,0.099,10,43
3.122,3.917,0.0717,0.1472,9,44
3.322,3.667,0.0995,0.2378,10,45
3.322,2.95,0.0255,0.1914,10,46
3.322,3.824,0.1096,0.0893,10,47
3.122,2.429,0.1,0.0333,9,48
3.322,3.286,0.0993,0.2729,10,49
3.322,3.353,0.0519,0.1443,10,50
3.322,3.412,0.0353,0.1682,10,51
3.322,3.667,0.0379,0.1477,10,52
3.322,4.167,0.0,0.1294,10,53
3.322,2.833,0.0,0.1178,10,54
3.322,4.0,0.2324,0.0611,10,55
3.322,3.636,0.0319,0.2159,10,56
3.322,3.357,0.0123,0.0503,10,57
3.322,3.533,0.1071,0.1644,10,58
3.322,4.375,0.1012,0.1726,10,59
3.322,4.25,0.0938,0.4375,10,60
3.322,3.316,0.0691,0.1704,10,61
3.322,2.789,0.0785,0.1254,10,62
3.322,3.167,0.0726,0.3921,10,63
3.322,3.462,0.1631,0.1962,10,64
3.322,3.0,0.0341,0.1913,10,65
3.322,5.0,0.0837,0.1007,10,66
3.322,3.75,0.0641,0.3454,10,67
3.322,2.562,0.1065,0.2106,10,68
3.322,3.474,0.0841,0.1661,10,69
3.322,3.636,0.0382,0.1988,10,70
3.322,2.889,0.0,0.0521,10,71
3.322,3.417,0.074,0.0577,10,72
3.322,3.688,0.0564,0.2105,10,73
3.322,3.353,0.0837,0.2327,10,74
3.322,3.812,0.0579,0.0961,10,75
3.322,4.545,0.0478,0.1041,10,76
3.322,4.0,0.0564,0.2364,10,77
3.322,3.8,0.0737,0.1506,10,78
3.322,2.231,0.0806,0.484,10,79
3.322,4.0,0.0798,0.0524,10,80
3.322,3.778,0.0949,0.2083,10,81
3.322,2.786,0.1467,0.2706,10,82
3.322,3.375,0.0,0.1759,10,83
3.322,3.118,0.0975,0.1548,10,84
2.922,2.143,0.0,0.0,8,85
3.322,4.222,0.1253,0.1176,10,86
3.322,3.923,0.0209,0.0865,10,87
3.322,3.333,0.0456,0.1678,10,88
3.322,3.727,0.051,0.2,10,89
3.322,4.267,0.1168,0.0722,10,90
3.122,3.556,0.1273,0.2257,9,91
3.322,3.7,0.0057,0.0568,10,92
3.322,4.5,0.006,0.125,10,93
3.322,3.4,0.1259,0.4407,10,94
3.322,3.917,0.0467,0.1107,10,95
3.322,2.5,0.0,0.0833,10,96
3.322,3.714,0.0273,0.0295,10,97
3.322,3.0,0.0272,0.1339,10,98
3.322,4.308,0.0419,0.1794,10,99
3.322,3.7,0.174,0.1122,10,100
3.322,3.75,0.0638,0.0974,10,101
3.322,3.933,0.0145,0.1886,10,102
3.322,3.778,0.0674,0.1705,10,103
3.322,3.733,0.1109,0.1403,10,104
3.322,2.556,0.0528,0.1472,10,105
3.322,4.889,0.1038,0.0635,10,106
3.322,3.955,0.0508,0.0784,10,107
3.322,3.111,0.0421,0.161,10,108
3.322,3.0,0.1591,0.3409,10,109
3.322,3.235,0.0703,0.1422,10,110
3.322,3.6,0.0396,0.1388,10,111
3.322,3.667,0.0774,0.0298,10,112
3.322,2.889,0.1009,0.1822,10,113
3.322,3.353,0.0179,0.1985,10,114
3.322,4.471,0.0363,0.0863,10,115
3.322,4.833,0.0414,0.0345,10,116
3.322,2.8,0.1427,0.0608,10,117
3.122,3.875,0.0069,0.125,9,118
3.322,4.333,0.0455,0.1941,10,119
3.322,3.455,0.084,0.0417,10,120
3.322,3.846,0.0659,0.154,10,121
3.322,4.143,0.0375,0.1166,10,122
3.322,3.083,0.0577,0.2746,10,123
3.322,2.5,0.0,0.1167,10,124
3.322,2.235,0.0263,0.0611,10,125
3.322,2.8,0.0,0.0,10,126
3.322,2.429,0.0625,0.3214,10,127
3.322,3.6,0.0113,0.0176,10,128
3.322,2.842,0.0867,0.1158,10,129
3.322,2.4,0.1667,0.0,10,130
3.322,3.5,0.0,0.0893,10,131
3.322,3.875,0.0486,0.0995,10,132
3.322,3.214,0.068,0.1799,10,133
3.122,3.143,0.1071,0.3214,9,134
3.322,3.545,0.1061,0.108,10,135
2.846,3.286,0.1295,0.0357,8,136
3.322,3.412,0.0767,0.2145,10,137
3.322,4.154,0.0697,0.2701,10,138
3.322,2.923,0.0559,0.0846,10,139
3.322,3.5,0.1303,0.148,10,140
3.322,3.231,0.0855,0.1485,10,141
3.322,3.143,0.0635,0.2378,10,142
3.322,3.722,0.0736,0.2289,10,143
3.322,3.706,0.0608,0.2002,10,144
3.322,4.0,0.0789,0.2426,10,145
3.322,3.583,0.1414,0.1544,10,146
3.322,4.84,0.0702,0.084,10,147
3.322,3.357,0.1321,0.1026,10,148
3.322,3.429,0.0668,0.1603,10,149
3.322,3.783,0.0827,0.1118,10,150
3.322,2.571,0.2083,0.1786,10,151
3.322,4.2,0.0726,0.1942,10,152
3.322,3.724,0.0111,0.0875,10,153
3.322,4.429,0.0518,0.1945,10,154
3.322,4.188,0.0607,0.0984,10,155
3.322,4.0,0.1138,0.1446,10,156
3.322,3.533,0.0049,0.1309,10,157
3.322,3.053,0.0822,0.1287,10,158
3.322,4.375,0.0,0.1435,10,159
3.322,2.889,0.0,0.0611,10,160
3.322,4.538,0.0815,0.1878,10,161
3.322,3.333,0.1403,0.2826,10,162
3.322,4.182,0.0591,0.1283,10,163
3.322,3.364,0.0379,0.1856,10,164
3.322,3.4,0.0505,0.0945,10,165
3.322,2.727,0.0056,0.3139,10,166
3.322,3.08,0.0756,0.1554,10,167
3.322,3.1,0.1111,0.2083,10,168
3.322,4.8,0.0896,0.1455,10,169
3.122,3.167,0.0949,0.0783,9,170
3.322,2.214,0.1806,0.3077,10,171
2.646,3.0,0.3,0.0,7,172
3.322,3.5,0.0842,0.3099,10,173
3.322,4.0,0.1325,0.0646,10,174
3.322,3.136,0.026,0.2303,10,175
3.322,3.0,0.0602,0.1111,10,176
3.322,4.389,0.063,0.2135,10,177
3.322,3.929,0.1141,0.1625,10,178
3.322,3.462,0.0921,0.1604,10,179
3.322,4.444,0.1364,0.3591,10,180
3.322,2.941,0.0638,0.127,10,181
3.322,3.889,0.0833,0.1561,10,182
3.322,4.5,0.0258,0.1527,10,183
3.322,4.0,0.0,0.1108,10,184
3.322,3.75,0.1071,0.25,10,185
3.322,3.286,0.065,0.1236,10,186
3.322,3.048,0.0878,0.3138,10,187
3.322,3.16,0.0562,0.5265,10,188
3.322,3.625,0.0495,0.1547,10,189
3.322,2.091,0.0944,0.05,10,190
3.322,3.364,0.088,0.149,10,191
3.322,4.5,0.1161,0.0347,10,192
3.322,3.929,0.0356,0.1396,10,193
3.322,3.8,0.0681,0.3023,10,194
3.322,2.8,0.0788,0.0348,10,195
3.322,2.8,0.0889,0.0556,10,196
3.322,3.875,0.1583,0.0972,10,197
3.322,4.0,0.0584,0.2037,10,198
3.322,3.5,0.0606,0.1723,10,199
3.322,3.1,0.0963,0.0537,10,200
3.322,3.353,0.0606,0.236,10,201
3.322,3.333,0.25,0.0833,10,202
3.322,2.833,0.0,0.0833,10,203
3.322,4.444,0.0708,0.1457,10,204
3.322,3.458,0.0047,0.1302,10,205
3.322,3.917,0.0586,0.0934,10,206
3.322,3.857,0.0796,0.1615,10,207
3.322,4.0,0.0,0.0833,10,208
3.322,3.444,0.0516,0.1474,10,209
3.322,3.414,0.0978,0.0954,10,210
3.322,3.583,0.0645,0.0944,10,211
3.322,2.783,0.1233,0.09,10,212
3.322,4.917,0.0359,0.344,10,213
3.322,3.368,0.0758,0.1505,10,214
3.322,2.929,0.0421,0.235,10,215
3.322,3.615,0.0608,0.1368,10,216
3.122,2.75,0.0602,0.0486,9,217
3.322,4.583,0.1182,0.1311,10,218
3.322,4.188,0.0165,0.0892,10,219
3.322,4.0,0.0417,0.0208,10,220
3.322,3.857,0.1711,0.1548,10,221
3.322,3.222,0.0844,0.1806,10,222
3.322,4.556,0.0764,0.1741,10,223
3.322,3.273,0.0977,0.2409,10,224
3.322,4.333,0.1297,0.0881,10,225
3.322,4.474,0.0757,0.1047,10,226
3.322,3.5,0.1116,0.1421,10,227
3.322,2.846,0.0917,0.0931,10,228
3.322,3.667,0.1756,0.1161,10,229
3.322,3.227,0.0621,0.1901,10,230
3.322,3.357,0.0,0.1436,10,231
3.322,2.875,0.0417,0.0,10,232
3.322,3.4,0.1542,0.3278,10,233
3.322,3.25,0.0,0.0556,10,234
3.322,3.077,0.065,0.1319,10,235
3.322,5.0,0.0535,0.0714,10,236
3.322,3.2,0.0,0.0593,10,237
3.322,4.3,0.0189,0.1233,10,238
3.122,3.0,0.0,0.2262,9,239
3.122,2.5,0.0625,0.0714,9,240
3.322,4.0,0.0893,0.0,10,241
3.322,3.467,0.0047,0.1605,10,242
3.322,2.667,0.0364,0.1582,10,243
3.322,3.217,0.0247,0.5858,10,244
3.322,3.688,0.0363,0.1462,10,245
3.322,2.857,0.044,0.1648,10,246
3.322,2.864,0.1127,0.2097,10,247
3.322,3.083,0.1176,0.1679,10,248
3.322,4.812,0.0789,0.2896,10,249
3.322,3.688,0.041,0.1234,10,250
3.122,2.4,0.0,0.0476,9,251
3.322,2.909,0.0331,0.0192,10,252
3.322,2.9,0.0,0.2685,10,253
3.322,3.429,0.0139,0.1285,10,254
3.322,3.091,0.1313,0.2992,10,255
3.322,3.316,0.0837,0.1793,10,256
3.322,4.909,0.1025,0.0086,10,257
3.322,3.2,0.1136,0.0606,10,258
3.322,3.857,0.0318,0.1401,10,259
3.322,4.182,0.0381,0.1482,10,260
3.322,3.273,0.0673,0.0946,10,261
3.322,2.833,0.1333,0.1833,10,262
3.322,3.5,0.0712,0.2462,10,263
3.322,2.833,0.0748,0.0759,10,264
3.322,4.0,0.0503,0.2929,10,265
3.322,3.778,0.0759,0.1474,10,266
3.322,4.0,0.0392,0.0564,10,267
3.322,3.143,0.0,0.0595,10,268
3.322,4.429,0.0982,0.0714,10,269
3.322,4.0,0.0543,0.2037,10,270
3.322,3.0,0.1369,0.0,10,271
3.322,3.474,0.0753,0.1811,10,272
3.322,4.9,0.0375,0.0704,10,273
3.322,3.0,0.0794,0.2427,10,274
3.322,5.167,0.0234,0.1637,10,275
3.322,3.87,0.0837,0.381,10,276
3.322,3.714,0.0687,0.1429,10,277
3.322,3.571,0.0675,0.1741,10,278
3.322,3.476,0.059,0.0526,10,279
3.122,3.0,0.0614,0.1286,9,280
3.322,3.364,0.0729,0.1989,10,281
3.322,3.833,0.0181,0.1064,10,282
3.322,4.286,0.1136,0.0855,10,283
3.322,2.4,0.0,0.0,10,284
3.322,3.875,0.06,0.1281,10,285
3.322,2.857,0.0378,0.0913,10,286
3.322,4.6,0.1369,0.0653,10,287
3.122,4.625,0.037,0.0636,9,288
3.322,3.417,0.0536,0.1258,10,289
3.322,3.438,0.0319,0.1913,10,290
3.322,4.0,0.0745,0.0556,10,291
3.322,3.222,0.0276,0.1378,10,292
3.322,3.286,0.0235,0.1381,10,293
3.322,3.4,0.0,0.0917,10,294
3.322,4.353,0.0753,0.465,10,295
3.322,4.231,0.0962,0.1738,10,296
3.322,4.286,0.0322,0.1664,10,297
3.322,2.8,0.1932,0.256,10,298
3.322,3.5,0.0807,0.2577,10,299
3.322,3.923,0.069,0.069,10,300
3.322,3.933,0.0292,0.091,10,301
3.322,3.474,0.0558,0.1629,10,302
3.322,3.75,0.0267,0.1075,10,303
3.322,3.421,0.0503,0.1207,10,304
3.322,3.5,0.0758,0.2386,10,305
3.322,4.111,0.0,0.1705,10,306
3.322,2.875,0.0463,0.0,10,307
3.322,5.0,0.0651,0.0942,10,308
3.322,4.8,0.0404,0.1737,10,309
3.322,3.812,0.0279,0.1385,10,310
3.322,2.75,0.029,0.1818,10,311
3.322,2.737,0.0218,0.1341,10,312
3.322,4.7,0.0366,0.0496,10,313
3.322,3.65,0.0662,0.1009,10,314
3.322,3.5,0.0595,0.1747,10,315
3.322,5.364,0.0624,0.0758,10,316
3.322,3.286,0.125,0.3381,10,317
3.322,3.75,0.1038,0.1886,10,318
3.322,3.778,0.0795,0.3346,10,319
3.322,3.462,0.1607,0.1267,10,320
3.322,3.429,0.0972,0.0,10,321
3.322,4.0,0.0331,0.1191,10,322
3.322,3.833,0.0938,0.0932,10,323
3.322,3.235,0.0257,0.1917,10,324
3.322,3.333,0.1422,0.0543,10,325
3.322,2.81,0.0451,0.2535,10,326
3.322,4.545,0.0955,0.1121,10,327
3.322,3.077,0.1183,0.1702,10,328
3.122,3.0,0.0,0.125,9,329
3.322,3.267,0.0675,0.2371,10,330
3.322,4.105,0.0293,0.1867,10,331
3.322,2.857,0.0,0.2917,10,332
3.322,4.0,0.0804,0.1973,10,333
3.322,2.727,0.047,0.0202,10,334
3.322,3.786,0.1263,0.124,10,335
3.322,3.5,0.0,0.2857,10,336
3.322,3.154,0.0705,0.1229,10,337
3.322,2.903,0.0281,0.1673,10,338
3.322,3.542,0.0581,0.1464,10,339
3.322,4.2,0.0741,0.1063,10,340
3.322,4.417,0.0137,0.1722,10,341
3.322,3.0,0.1278,0.1259,10,342
3.322,3.588,0.0653,0.058,10,343
2.846,5.0,0.0387,0.058,8,344
3.322,3.182,0.0826,0.5136,10,345
3.322,3.167,0.197,0.3178,10,346
3.322,3.273,0.0451,0.2261,10,347
3.322,4.143,0.1144,0.0554,10,348
3.322,3.4,0.0859,0.1632,10,349
3.322,2.333,0.0739,0.1227,10,350
3.322,3.818,0.1315,0.1111,10,351
3.322,2.759,0.0393,0.1545,10,352
3.322,2.5,0.0412,0.1,10,353
3.322,3.882,0.0461,0.1634,10,354
3.322,3.778,0.1344,0.2306,10,355
3.322,3.375,0.034,0.1066,10,356
3.322,3.871,0.0257,0.1152,10,357
3.322,3.583,0.0096,0.0785,10,358
3.322,3.2,0.1182,0.1413,10,359
3.322,2.913,0.0625,0.128,10,360
3.322,3.737,0.0946,0.0948,10,361
3.322,3.786,0.0803,0.2764,10,362
3.322,3.391,0.0624,0.2273,10,363
3.322,3.667,0.1143,0.1354,10,364
3.322,3.9,0.0594,0.3091,10,365
3.322,3.0,0.0667,0.2114,10,366
3.322,3.24,0.0428,0.1267,10,367
3.322,3.611,0.0509,0.1231,10,368
3.322,3.579,0.0333,0.2126,10,369
3.322,3.0,0.0804,0.2146,10,370
3.322,3.444,0.1778,0.2074,10,371
3.322,4.091,0.0999,0.1199,10,372
3.322,3.5,0.2083,0.2049,10,373
3.322,3.636,0.099,0.1837,10,374
3.322,2.818,0.1784,0.275,10,375
3.322,3.4,0.1168,0.2224,10,376
3.322,4.222,0.054,0.073,10,377
3.322,4.625,0.0603,0.1161,10,378
3.322,2.818,0.1591,0.0682,10,379
3.322,3.389,0.0717,0.5794,10,380
3.122,2.444,0.0111,0.1963,9,381
3.322,3.9,0.1432,0.1602,10,382
3.322,3.706,0.051,0.1689,10,383
3.322,2.25,0.1818,0.1727,10,384
3.322,3.765,0.0487,0.1484,10,385
3.322,4.067,0.074,0.1106,10,386
3.322,3.0,0.0732,0.7197,10,387
3.322,2.8,0.225,0.425,10,388
3.322,3.684,0.0276,0.2031,10,389
3.322,3.5,0.1167,0.2,10,390
3.322,3.842,0.0448,0.1932,10,391
3.322,3.545,0.0744,0.1474,10,392
3.322,3.25,0.0884,0.1556,10,393
3.322,3.4,0.0323,0.1303,10,394
3.322,4.0,0.1626,0.1296,10,395
3.322,3.769,0.217,0.206,10,396
3.322,3.455,0.0509,0.1509,10,397
3.322,3.429,0.0869,0.3926,10,398
3.322,2.938,0.004,0.2279,10,399
3.322,2.917,0.1241,0.0464,10,400
3.322,3.0,0.0856,0.3036,10,401
3.322,4.333,0.0565,0.1293,10,402
3.322,4.6,0.0532,0.155,10,403
3.322,3.5,0.0514,0.2533,10,404
3.322,3.636,0.0548,0.1438,10,405
3.322,3.333,0.0,0.1591,10,406
3.322,4.0,0.0467,0.2178,10,407
3.322,4.636,0.0331,0.242,10,408
3.322,3.579,0.0508,0.1556,10,409
3.322,2.9,0.0083,0.1929,10,410
3.322,3.929,0.0545,0.2996,10,411
3.322,3.154,0.0365,0.2236,10,412
3.322,3.385,0.0717,0.1268,10,413
3.322,2.583,0.1603,0.0417,10,414
3.322,3.762,0.0558,0.1981,10,415
3.322,3.318,0.0467,0.1537,10,416
3.322,3.5,0.1348,0.2698,10,417
3.322,3.25,0.0551,0.167,10,418
3.322,3.429,0.2778,0.1389,10,419
3.322,4.667,0.0694,0.2509,10,420
3.322,3.636,0.0957,0.2159,10,421
3.322,3.235,0.0491,0.1765,10,422
3.322,3.65,0.0449,0.1739,10,423
3.322,3.8,0.0556,0.1377,10,424
3.322,3.6,0.0952,0.2614,10,425
3.322,3.118,0.0947,0.1326,10,426
3.322,3.15,0.0266,0.2226,10,427
3.322,4.556,0.1111,0.1526,10,428
3.322,3.867,0.0648,0.1453,10,429
3.322,3.409,0.0698,0.1948,10,430
3.322,3.647,0.093,0.1272,10,431
3.322,3.778,0.1038,0.2755,10,432
3.322,3.444,0.0065,0.0414,10,433
3.322,3.85,0.0506,0.1401,10,434
3.322,3.0,0.0889,0.0185,10,435
3.322,3.875,0.0852,0.185,10,436
3.322,3.0,0.1989,0.1136,10,437
3.322,3.15,0.1033,0.0876,10,438
3.322,4.419,0.0323,0.0784,10,439
3.322,3.133,0.0749,0.1402,10,440
3.322,4.636,0.0766,0.0528,10,441
3.322,4.636,0.0488,0.2407,10,442
3.322,4.913,0.0409,0.1598,10,443
3.122,2.7,0.0909,0.1136,9,444
3.322,2.875,0.0705,0.3143,10,445
3.322,3.867,0.0385,0.1647,10,446
3.322,3.545,0.0364,0.0545,10,447
3.322,3.409,0.0822,0.2409,10,448
3.322,3.6,0.0939,0.2614,10,449
3.322,3.333,0.062,0.1928,10,450
3.322,2.917,0.0262,0.3794,10,451
3.322,3.111,0.0241,0.0764,10,452
3.322,4.222,0.0359,0.0958,10,453
3.122,3.0,0.0333,0.0,9,454
3.322,3.615,0.1026,0.1191,10,455
3.322,3.455,0.1295,0.2629,10,456
3.322,3.6,0.1659,0.2091,10,457
3.322,3.727,0.0521,0.2197,10,458
3.322,3.545,0.0691,0.0692,10,459
3.322,3.769,0.0649,0.1332,10,460
3.322,3.6,0.0,0.143,10,461
3.322,3.667,0.111,0.1417,10,462
3.322,3.0,0.0846,0.2106,10,463
3.322,4.273,0.1635,0.133,10,464
3.322,3.944,0.0786,0.0392,10,465
3.322,4.143,0.0227,0.1357,10,466
3.322,4.273,0.1218,0.0922,10,467
3.322,4.0,0.0357,0.1152,10,468
3.322,3.9,0.1216,0.1659,10,469
3.322,3.625,0.0711,0.1477,10,470
3.322,4.067,0.0571,0.1715,10,471
3.322,3.286,0.0436,0.0907,10,472
3.322,3.083,0.0152,0.2803,10,473
3.322,3.0,0.008,0.1711,10,474
3.322,4.417,0.142,0.0531,10,475
3.322,2.4,0.3167,0.2444,10,476
3.322,3.111,0.0621,0.1295,10,477
3.322,3.923,0.0986,0.0875,10,478
3.322,3.444,0.1086,0.2649,10,479
3.322,4.143,0.0903,0.1632,10,480
3.322,4.357,0.0473,0.2345,10,481
3.322,3.714,0.0,0.2113,10,482
3.322,5.083,0.0856,0.0724,10,483
3.322,3.917,0.1042,0.0724,10,484
3.322,3.385,0.0576,0.1967,10,485
3.322,3.308,0.1102,0.4011,10,486
3.322,3.462,0.0784,0.2008,10,487
3.322,3.182,0.0602,0.2614,10,488
3.322,3.4,0.0985,0.2056,10,489
3.322,4.071,0.0623,0.1651,10,490
3.322,3.077,0.0495,0.0342,10,491
3.122,3.0,0.1242,0.178,9,492
3.322,4.75,0.0052,0.0826,10,493
3.322,5.455,0.0293,0.0891,10,494
3.322,4.273,0.07,0.09,10,495
3.322,3.308,0.1256,0.1432,10,496
3.322,3.375,0.0668,0.2432,10,497
3.322,3.333,0.0195,0.0948,10,498
3.322,3.25,0.0541,0.1677,10,499
3.322,3.348,0.0406,0.1821,10,500
3.322,3.615,0.099,0.2466,10,501
3.322,3.0,0.1829,0.1285,10,502
3.322,3.25,0.1241,0.0889,10,503
3.322,2.545,0.0361,0.3052,10,504
3.322,4.533,0.035,0.1574,10,505
3.322,3.471,0.0272,0.0589,10,506
3.322,4.0,0.0,0.1029,10,507
3.322,3.125,0.0785,0.1474,10,508
3.322,2.846,0.0981,0.2239,10,509
3.322,3.455,0.0385,0.1234,10,510
3.322,3.467,0.0357,0.1503,10,511
3.322,2.5,0.0288,0.2147,10,512
3.322,4.214,0.0408,0.2056,10,513
3.322,2.667,0.11,0.2411,10,514
3.322,3.3,0.111,0.1892,10,515
3.322,2.5,0.0952,0.0397,10,516
3.322,2.875,0.0741,0.2049,10,517
3.322,4.188,0.0765,0.2097,10,518
3.322,3.0,0.1222,0.0267,10,519
3.322,3.867,0.1148,0.0503,10,520
3.322,5.167,0.0967,0.0601,10,521
3.322,5.182,0.127,0.143,10,522
3.322,3.929,0.017,0.2598,10,523
3.322,3.375,0.191,0.1458,10,524
3.322,2.6,0.0,0.2068,10,525
3.322,3.778,0.0734,0.2585,10,526
3.322,3.875,0.0895,0.1809,10,527
3.322,2.889,0.1369,0.0915,10,528
3.322,3.8,0.037,0.1147,10,529
3.322,2.933,0.092,0.4629,10,530
3.322,4.143,0.0628,0.1426,10,531
3.322,3.778,0.0259,0.2722,10,532
3.322,3.615,0.0427,0.1357,10,533
3.322,3.111,0.0519,0.0,10,534
3.322,2.25,0.1429,0.1071,10,535
3.122,2.875,0.2262,0.3095,9,536
3.322,3.286,0.2679,0.1488,10,537
3.322,4.0,0.0901,0.1827,10,538
3.322,3.111,0.0513,0.2667,10,539
3.322,3.636,0.0631,0.1515,10,540
3.322,3.909,0.0,0.1799,10,541
3.322,2.375,0.0505,0.331,10,542
3.122,2.778,0.0886,0.2364,9,543
3.322,3.0,0.012,0.1871,10,544
3.322,3.286,0.0139,0.2326,10,545
3.322,3.533,0.0804,0.1954,10,546
3.322,4.4,0.0455,0.1223,10,547
3.322,2.8,0.1185,0.2509,10,548
3.322,2.667,0.0222,0.1317,10,549
3.322,3.222,0.0469,0.3011,10,550
3.322,3.231,0.1192,0.1105,10,551
3.322,3.8,0.1215,0.0935,10,552
3.322,3.75,0.0774,0.1592,10,553
3.322,3.833,0.1174,0.0805,10,554
3.322,3.125,0.0324,0.3314,10,555
3.322,2.25,0.0,0.2361,10,556
3.322,3.143,0.0417,0.2411,10,557
3.322,3.1,0.0644,0.1515,10,558
3.322,3.625,0.0972,0.1667,10,559
3.322,3.429,0.0972,0.2593,10,560
3.322,3.938,0.0761,0.5325,10,561
3.322,3.583,0.0247,0.1428,10,562
3.322,3.222,0.0336,0.1443,10,563
3.322,3.812,0.0775,0.0537,10,564
3.322,4.0,0.0631,0.1504,10,565
3.322,3.143,0.0662,0.1051,10,566
3.322,3.0,0.1556,0.1389,10,567
3.122,2.111,0.0389,0.1667,9,568
3.322,3.2,0.0606,0.0985,10,569
3.322,3.5,0.0082,0.1882,10,570
3.122,3.5,0.1165,0.0575,9,571
3.322,2.6,0.0,0.1825,10,572
3.322,3.111,0.0889,0.5444,10,573
3.322,3.688,0.058,0.1787,10,574
3.322,3.7,0.0265,0.0934,10,575
3.322,3.118,0.0944,0.1602,10,576
3.322,3.5,0.1458,0.1375,10,577
3.322,3.591,0.0448,0.1259,10,578
3.322,2.429,0.0952,0.0476,10,579
3.322,4.118,0.0227,0.122,10,580
3.322,2.857,0.131,0.2381,10,581
3.322,4.0,0.0721,0.1722,10,582
3.322,4.0,0.1164,0.094,10,583
3.322,3.895,0.0611,0.1036,10,584
3.322,3.235,0.0852,0.1179,10,585
3.322,3.688,0.0679,0.1814,10,586
3.322,4.619,0.0292,0.1828,10,587
3.322,3.727,0.0802,0.113,10,588
3.322,3.5,0.0227,0.1879,10,589
3.322,4.0,0.0868,0.1759,10,590
3.322,3.0,0.197,0.0434,10,591
3.322,4.188,0.1524,0.0713,10,592
3.322,3.818,0.0448,0.0478,10,593
3.322,3.5,0.0863,0.0893,10,594
3.322,4.263,0.0424,0.1211,10,595
3.322,3.0,0.1236,0.1212,10,596
3.322,3.318,0.0719,0.1717,10,597
3.322,3.733,0.0977,0.1536,10,598
3.322,3.636,0.1237,0.137,10,599
3.322,3.143,0.2619,0.1746,10,600
3.322,1.75,0.0,0.0,10,601
3.322,2.444,0.058,0.1586,10,602
3.322,2.933,0.1045,0.1713,10,603
3.322,3.636,0.0,0.0928,10,604
3.322,3.167,0.0857,0.1908,10,605
3.322,4.889,0.1192,0.3121,10,606
3.322,4.231,0.0074,0.2984,10,607
3.322,2.308,0.0292,0.2691,10,608
3.322,3.308,0.0475,0.1827,10,609
3.322,3.0,0.0,0.3175,10,610
3.322,3.091,0.1638,0.1995,10,611
3.322,3.467,0.0228,0.0556,10,612
3.322,2.667,0.0972,0.1713,10,613
3.322,3.462,0.1274,0.2222,10,614
3.322,3.077,0.147,0.1667,10,615
3.322,4.4,0.0579,0.0829,10,616
3.322,2.875,0.2024,0.0536,10,617
3.322,3.316,0.0959,0.1636,10,618
3.322,3.375,0.0823,0.1131,10,619
3.322,3.222,0.0,0.1496,10,620
3.322,3.636,0.0907,0.1972,10,621
3.322,3.778,0.1213,0.0833,10,622
3.322,3.583,0.0535,0.0754,10,623
3.322,3.8,0.1091,0.2432,10,624
3.322,3.556,0.1293,0.2321,10,625
3.322,3.875,0.0,0.1,10,626
3.322,3.8,0.0822,0.1818,10,627
3.322,3.733,0.0642,0.1884,10,628
3.322,3.333,0.0165,0.1684,10,629
3.322,3.0,0.0,0.0625,10,630
3.322,3.7,0.1114,0.4818,10,631
3.322,3.429,0.0536,0.0982,10,632
3.322,3.143,0.0143,0.1857,10,633
3.322,2.714,0.254,0.2877,10,634
3.322,2.467,0.0233,0.2978,10,635
3.322,3.333,0.0875,0.0417,10,636
3.322,3.333,0.0728,0.0973,10,637
3.322,2.947,0.0484,0.2599,10,638
3.322,2.733,0.0757,0.1944,10,639
3.322,3.5,0.1285,0.1383,10,640
3.322,2.7,0.0562,0.186,10,641
3.322,3.167,0.1128,0.1843,10,642
3.322,2.556,0.0,0.1759,10,643
3.322,3.444,0.0926,0.3333,10,644
3.322,3.909,0.1467,0.1155,10,645
3.322,3.333,0.1267,0.2367,10,646
3.322,2.714,0.0531,0.1812,10,647
3.322,3.429,0.1025,0.1639,10,648
3.322,4.714,0.1285,0.3056,10,649
3.322,3.222,0.0161,0.1711,10,650
3.322,3.571,0.0782,0.2895,10,651
3.322,3.261,0.0226,0.1647,10,652
3.322,2.357,0.0452,0.219,10,653
3.322,3.462,0.1021,0.1282,10,654
3.322,3.6,0.0,0.0864,10,655
3.322,3.615,0.0528,0.3833,10,656
3.322,3.3,0.072,0.2163,10,657
3.322,3.0,0.0527,0.1825,10,658
3.322,3.5,0.0091,0.0409,10,659
3.322,3.08,0.0803,0.109,10,660
3.322,3.846,0.1606,0.1832,10,661
3.322,3.529,0.0651,0.2083,10,662
3.322,3.929,0.0491,0.1621,10,663
3.122,3.182,0.0697,0.1727,9,664
3.322,3.889,0.2167,0.175,10,665
3.322,3.133,0.0,0.1551,10,666
3.322,3.5,0.0913,0.0745,10,667
3.322,4.0,0.1093,0.0327,10,668
3.322,4.692,0.0549,0.1612,10,669
3.322,3.167,0.0513,0.1093,10,670
3.322,3.688,0.047,0.081,10,671
3.322,3.462,0.039,0.1899,10,672
3.322,3.2,0.0832,0.2674,10,673
3.322,4.385,0.0577,0.0663,10,674
3.322,4.091,0.0,0.0773,10,675
3.322,3.875,0.0796,0.5039,10,676
3.322,4.0,0.0888,0.1227,10,677
3.322,3.333,0.0677,0.0836,10,678
3.322,2.429,0.0,0.0873,10,679
3.322,3.857,0.0719,0.1278,10,680
3.322,3.929,0.072,0.0911,10,681
3.322,4.13,0.0339,0.0942,10,682
3.322,3.385,0.1154,0.1329,10,683
3.322,3.818,0.0404,0.047,10,684
3.122,2.583,0.0846,0.1703,9,685
3.322,2.714,0.0783,0.1566,10,686
3.322,3.0,0.0324,0.1029,10,687
3.322,2.625,0.0849,0.2219,10,688
3.322,3.682,0.0449,0.1193,10,689
3.322,2.444,0.0818,0.0318,10,690
3.322,3.455,0.1978,0.0192,10,691
3.322,3.385,0.0892,0.2325,10,692
3.322,3.562,0.0555,0.1846,10,693
3.322,4.938,0.0579,0.0602,10,694
3.322,3.556,0.0449,0.0889,10,695
3.322,4.062,0.0471,0.1809,10,696
3.322,2.417,0.0363,0.0994,10,697
3.322,3.625,0.0472,0.1818,10,698
3.322,3.111,0.0417,0.247,10,699
3.322,3.786,0.0723,0.3003,10,700
3.322,4.0,0.1481,0.1851,10,701
3.322,3.562,0.062,0.1317,10,702
3.322,3.4,0.1263,0.4344,10,703
3.322,4.312,0.0364,0.4479,10,704
3.322,3.0,0.0552,0.4246,10,705
3.322,4.105,0.0307,0.1954,10,706
3.322,3.154,0.0652,0.1253,10,707
3.322,3.091,0.0426,0.4778,10,708
3.322,3.154,0.0948,0.1953,10,709
3.322,2.875,0.0536,0.2901,10,710
3.322,2.6,0.017,0.1818,10,711
3.322,3.333,0.0259,0.1099,10,712
3.122,2.571,0.0,0.0,9,713
3.322,3.625,0.0431,0.1107,10,714
3.322,3.733,0.0618,0.1265,10,715
3.322,3.5,0.0789,0.1218,10,716
3.322,3.474,0.0586,0.3224,10,717
3.322,3.778,0.0903,0.5333,10,718
3.322,4.273,0.0537,0.2251,10,719
3.322,3.2,0.1005,0.1802,10,720
3.322,5.0,0.0857,0.1326,10,721
3.322,3.286,0.0852,0.2958,10,722
3.322,4.778,0.0999,0.1254,10,723
3.322,4.167,0.1401,0.0875,10,724
3.322,3.0,0.1259,0.076,10,725
3.322,3.188,0.1048,0.1046,10,726
3.322,2.667,0.125,0.0,10,727
3.322,2.833,0.2008,0.1515,10,728
3.322,3.438,0.0404,0.3035,10,729
3.322,3.5,0.0922,0.4167,10,730
3.322,3.615,0.0977,0.1279,10,731
3.122,4.0,0.0456,0.0563,9,732
3.322,3.389,0.0869,0.2045,10,733
3.322,3.429,0.0826,0.1209,10,734
3.322,3.5,0.1252,0.1287,10,735
3.322,2.923,0.0916,0.0609,10,736
3.322,4.286,0.0802,0.1071,10,737
3.322,3.111,0.0123,0.2079,10,738
3.322,2.615,0.1103,0.3031,10,739
3.322,3.846,0.0413,0.1413,10,740
3.322,4.0,0.076,0.1231,10,741
3.322,2.538,0.0201,0.2189,10,742
3.322,2.556,0.0694,0.1875,10,743
3.322,3.833,0.0581,0.0657,10,744
3.322,3.083,0.0672,0.2273,10,745
3.322,4.556,0.1806,0.0347,10,746
3.322,3.6,0.0182,0.1182,10,747
3.322,4.111,0.169,0.3032,10,748
3.322,3.778,0.016,0.1883,10,749
3.322,4.2,0.0206,0.0797,10,750
3.322,4.444,0.1815,0.1213,10,751
3.322,3.571,0.1161,0.1027,10,752
3.322,4.0,0.1088,0.5139,10,753
3.322,4.214,0.0219,0.1579,10,754
3.322,3.818,0.1025,0.261,10,755
3.322,3.842,0.0244,0.1878,10,756
3.322,3.941,0.026,0.3042,10,757
3.322,3.364,0.0833,0.4386,10,758
3.322,3.429,0.0,0.1786,10,759
3.322,3.462,0.0306,0.13,10,760
3.322,4.214,0.0733,0.0624,10,761
3.322,3.0,0.1636,0.3071,10,762
3.322,2.926,0.0163,0.1273,10,763
3.322,3.133,0.065,0.0416,10,764
3.322,3.385,0.0723,0.3136,10,765
3.322,3.062,0.1208,0.125,10,766
3.322,3.455,0.0875,0.2891,10,767
3.322,4.083,0.086,0.1299,10,768
3.322,4.0,0.0633,0.1478,10,769
3.322,2.667,0.1889,0.1556,10,770
3.322,2.923,0.0417,0.2941,10,771
3.322,2.957,0.1029,0.5568,10,772
3.322,3.75,0.1131,0.4643,10,773
3.322,2.9,0.0537,0.1706,10,774
3.322,4.846,0.137,0.1986,10,775
3.322,3.5,0.1126,0.2348,10,776
3.322,3.6,0.0917,0.2419,10,777
3.322,3.75,0.063,0.4152,10,778
3.322,3.737,0.0799,0.1134,10,779
3.322,3.929,0.0552,0.2103,10,780
3.322,4.0,0.0576,0.158,10,781
3.322,3.429,0.1429,0.2143,10,782
3.322,3.421,0.0334,0.1859,10,783
3.322,3.733,0.0488,0.2552,10,784
3.322,3.727,0.0659,0.4293,10,785
3.322,3.0,0.1155,0.3235,10,786
3.322,3.5,0.0699,0.079,10,787
3.322,3.5,0.1012,0.1767,10,788
3.322,5.0,0.0929,0.0593,10,789
3.322,3.545,0.0382,0.1174,10,790
3.322,3.583,0.2178,0.0972,10,791
3.322,3.125,0.0,0.1319,10,792
3.322,3.308,0.03,0.2756,10,793
3.322,3.4,0.0444,0.0454,10,794
3.322,3.045,0.1083,0.096,10,795
3.322,3.0,0.1015,0.1545,10,796
3.322,3.5,0.1107,0.0767,10,797
3.322,4.4,0.0654,0.2069,10,798
2.846,3.714,0.1607,0.1786,8,799
3.322,3.154,0.0858,0.2013,10,800
3.322,2.938,0.0281,0.1521,10,801
3.322,3.458,0.0598,0.1039,10,802
3.122,3.1,0.012,0.0726,9,803
3.322,2.8,0.2564,0.136,10,804
3.322,4.214,0.132,0.1917,10,805
3.322,4.455,0.1165,0.1521,10,806
3.122,3.385,0.1109,0.1488,9,807
3.322,4.5,0.0567,0.3516,10,808
3.322,4.091,0.0,0.1576,10,809
3.322,3.286,0.1599,0.1469,10,810
3.322,3.294,0.0487,0.341,10,811
3.322,2.667,0.0,0.0556,10,812
3.322,3.714,0.0833,0.0888,10,813
3.322,3.235,0.1026,0.1272,10,814
3.322,4.458,0.0167,0.1021,10,815
2.846,3.125,0.0,0.1637,8,816
3.322,2.444,0.0,0.1597,10,817
3.122,3.2,0.138,0.0852,9,818
3.322,3.111,0.0148,0.1759,10,819
3.322,3.385,0.0714,0.2274,10,820
3.322,3.2,0.0,0.1476,10,821
3.322,3.667,0.0613,0.1876,10,822
3.322,3.846,0.048,0.1502,10,823
3.122,2.25,0.0,0.0,9,824
3.322,2.889,0.0474,0.1794,10,825
3.322,3.444,0.0,0.1701,10,826
3.322,4.545,0.0943,0.138,10,827
3.322,3.222,0.0748,0.0965,10,828
3.322,3.833,0.1225,0.065,10,829
3.322,5.095,0.0703,0.0714,10,830
3.322,5.0,0.0726,0.0496,10,831
3.322,3.214,0.0456,0.1566,10,832
3.322,3.786,0.0771,0.2074,10,833
3.322,3.538,0.0253,0.0951,10,834
3.322,3.154,0.0439,0.1693,10,835
3.322,3.0,0.0939,0.0,10,836
3.322,3.174,0.0531,0.2005,10,837
3.322,4.273,0.0666,0.1351,10,838
3.322,3.833,0.0968,0.2123,10,839
3.322,4.25,0.0376,0.1494,10,840
3.322,3.923,0.1069,0.0417,10,841
3.322,3.176,0.095,0.3253,10,842
3.322,3.5,0.0529,0.2092,10,843
3.322,4.538,0.0788,0.2505,10,844
3.322,2.889,0.0358,0.122,10,845
3.322,4.125,0.0614,0.0741,10,846
3.322,3.714,0.0418,0.2025,10,847
3.322,2.167,0.0167,0.0083,10,848
3.322,3.75,0.0719,0.2821,10,849
3.322,3.909,0.1136,0.4356,10,850
3.322,2.818,0.0991,0.101,10,851
3.322,3.2,0.0354,0.2184,10,852
3.322,3.786,0.0204,0.1472,10,853
3.322,3.909,0.1089,0.0915,10,854
3.322,3.167,0.03,0.1315,10,855
3.322,4.25,0.0673,0.2276,10,856
3.322,3.412,0.0766,0.1061,10,857
3.322,2.25,0.0,0.0,10,858
3.322,2.75,0.0995,0.2222,10,859
3.322,3.727,0.0518,0.0581,10,860
3.322,3.8,0.1278,0.3389,10,861
3.322,3.467,0.0565,0.1654,10,862
3.322,3.211,0.0906,0.2086,10,863
3.322,4.0,0.0851,0.0385,10,864
3.322,4.091,0.0707,0.1879,10,865
3.322,3.88,0.0577,0.1334,10,866
3.322,3.154,0.1036,0.0833,10,867
3.322,3.222,0.1015,0.1576,10,868
3.322,3.333,0.0832,0.1893,10,869
3.322,4.125,0.1348,0.1227,10,870
3.322,3.917,0.0862,0.2217,10,871
3.322,3.684,0.0596,0.2313,10,872
3.322,3.455,0.0795,0.1211,10,873
3.322,3.778,0.0536,0.248,10,874
3.322,3.769,0.0607,0.2277,10,875
3.322,3.474,0.0817,0.5239,10,876
3.322,3.615,0.0898,0.1353,10,877
3.322,3.556,0.0357,0.1756,10,878
3.322,2.5,0.0,0.0864,10,879
3.322,2.75,0.0453,0.1765,10,880
3.322,2.867,0.025,0.1546,10,881
3.322,3.792,0.0539,0.1377,10,882
3.322,3.333,0.0607,0.1353,10,883
3.322,3.714,0.092,0.1868,10,884
3.322,3.091,0.1326,0.2494,10,885
3.322,3.5,0.2121,0.1487,10,886
3.322,3.75,0.0625,0.2857,10,887
3.322,3.818,0.0566,0.1966,10,888
3.322,2.8,0.0732,0.3018,10,889
3.322,3.273,0.0394,0.1705,10,890
3.322,2.812,0.1219,0.2104,10,891
3.322,3.0,0.0445,0.1975,10,892
3.322,2.826,0.0566,0.1414,10,893
3.322,3.542,0.0476,0.2255,10,894
3.322,3.778,0.05,0.1591,10,895
3.322,3.385,0.1613,0.1702,10,896
3.322,3.571,0.075,0.1921,10,897
3.322,2.889,0.1136,0.2045,10,898
3.322,4.1,0.0713,0.1477,10,899
3.322,2.5,0.0,0.1591,10,900
3.322,5.562,0.0424,0.0626,10,901
3.122,2.917,0.09,0.2328,9,902
3.322,4.25,0.0833,0.1777,10,903
3.322,3.75,0.0878,0.5414,10,904
3.322,3.545,0.1226,0.141,10,905
3.322,2.25,0.0,0.0,10,906
3.322,3.889,0.0,0.0625,10,907
3.322,4.125,0.0046,0.1319,10,908
3.322,3.619,0.0602,0.1675,10,909
3.322,3.889,0.0872,0.1863,10,910
3.322,4.0,0.1414,0.053,10,911
3.322,3.188,0.104,0.1556,10,912
3.322,3.917,0.045,0.0659,10,913
3.322,3.0,0.1972,0.2759,10,914
3.322,4.364,0.0192,0.2134,10,915
3.322,3.438,0.0341,0.0479,10,916
3.322,3.429,0.1236,0.1877,10,917
3.322,5.182,0.0719,0.1048,10,918
3.322,3.833,0.0333,0.2363,10,919
3.322,3.562,0.0979,0.0512,10,920
3.322,3.625,0.1481,0.2639,10,921
3.322,2.5,0.0,0.2049,10,922
3.322,4.0,0.0321,0.1368,10,923
3.322,4.286,0.0792,0.1072,10,924
3.322,3.889,0.0702,0.2212,10,925
3.322,4.037,0.0398,0.071,10,926
3.322,4.308,0.0992,0.0321,10,927
3.322,3.263,0.0917,0.1093,10,928
3.322,3.25,0.0696,0.1352,10,929
3.322,2.947,0.0856,0.3088,10,930
3.322,2.75,0.0606,0.1367,10,931
3.322,3.2,0.1787,0.1711,10,932
3.322,3.0,0.1505,0.1771,10,933
3.322,4.0,0.0068,0.2477,10,934
3.322,4.333,0.0537,0.1955,10,935
3.322,3.875,0.0303,0.0193,10,936
3.322,4.417,0.0569,0.1921,10,937
3.322,3.294,0.0372,0.152,10,938
3.122,2.909,0.0,0.208,9,939
3.322,4.1,0.0462,0.0689,10,940
3.322,4.125,0.0315,0.1361,10,941
3.322,3.45,0.0964,0.0766,10,942
3.322,3.3,0.0048,0.1843,10,943
3.322,3.818,0.0101,0.1963,10,944
3.322,5.059,0.0677,0.1162,10,945
3.322,4.222,0.0694,0.1308,10,946
3.322,4.125,0.3912,0.1736,10,947
3.322,4.667,0.0777,0.1345,10,948
3.322,3.429,0.0,0.1964,10,949
3.322,3.591,0.0596,0.2028,10,950
3.322,3.5,0.0513,0.1353,10,951
3.322,3.636,0.0848,0.0472,10,952
3.322,3.444,0.0811,0.1337,10,953
3.322,3.857,0.0634,0.3654,10,954
3.322,4.0,0.0709,0.2223,10,955
3.322,3.786,0.0588,0.1851,10,956
3.322,3.1,0.1153,0.327,10,957
3.322,3.0,0.0156,0.1022,10,958
3.322,4.818,0.0085,0.1555,10,959
3.322,2.818,0.0344,0.1185,10,960
3.322,3.8,0.0994,0.1974,10,961
3.322,3.286,0.125,0.2232,10,962
3.322,3.179,0.0555,0.1919,10,963
3.322,3.353,0.0616,0.1014,10,964
3.322,3.667,0.105,0.2495,10,965
3.322,4.143,0.0646,0.1625,10,966
3.322,4.083,0.0457,0.3066,10,967
3.322,4.429,0.0255,0.2775,10,968
3.322,3.182,0.0319,0.2664,10,969
3.322,2.889,0.1481,0.0648,10,970
3.322,3.867,0.1145,0.1583,10,971
3.322,4.615,0.0893,0.082,10,972
3.322,4.4,0.0307,0.1178,10,973
3.322,3.923,0.0496,0.1754,10,974
3.322,3.286,0.0,0.0402,10,975
3.322,3.258,0.0273,0.1408,10,976
3.322,3.214,0.054,0.1016,10,977
3.322,3.111,0.0778,0.2,10,978
3.322,3.1,0.1182,0.1827,10,979
3.322,4.7,0.092,0.0572,10,980
3.322,3.909,0.1468,0.0436,10,981
3.322,3.286,0.0612,0.1214,10,982
3.322,2.9,0.2,0.0093,10,983
3.322,3.696,0.0495,0.2184,10,984
3.322,2.333,0.3667,0.0,10,985
3.322,3.923,0.1045,0.1647,10,986
3.322,3.636,0.0811,0.0977,10,987
3.322,3.75,0.0317,0.1258,10,988
3.322,2.857,0.0,0.1278,10,989
3.322,4.545,0.0673,0.0996,10,990
3.322,3.292,0.0138,0.0766,10,991
3.322,3.909,0.0265,0.6061,10,992
3.322,4.389,0.0613,0.1227,10,993
3.322,3.7,0.1303,0.1917,10,994
3.322,3.9,0.0719,0.1231,10,995
3.322,3.95,0.0269,0.1261,10,996
3.322,2.1,0.0556,0.2056,10,997
3.322,3.167,0.1054,0.1376,10,998
3.322,3.737,0.0367,0.1221,10,999
